MoleculeType	Identifier	MoleculeName	
Proteins	P22455	UniProt:P22455 FGFR4	
Proteins	P08620	UniProt:P08620 FGF4	
Proteins	P05230	UniProt:P05230 FGF1	
Proteins	O95750	UniProt:O95750 FGF19	
Proteins	O76093	UniProt:O76093 FGF18	
Proteins	Q9NP95	UniProt:Q9NP95 FGF20	
Proteins	P55075-1	UniProt:P55075-1 FGF8	
Proteins	Q9GZV9	UniProt:Q9GZV9 FGF23	
Proteins	P09038	UniProt:P09038 FGF2	
Proteins	O60258-1	UniProt:O60258-1 FGF17	
Proteins	P10767	UniProt:P10767 FGF6	
Proteins	P31371	UniProt:P31371 FGF9	
Proteins	O43320	UniProt:O43320 FGF16	
Proteins	Q86Z14	UniProt:Q86Z14 KLB	
Proteins	P19174	UniProt:P19174 PLCG1	
Proteins	P42336	UniProt:P42336 PIK3CA	
Proteins	Q8WU20	UniProt:Q8WU20 FRS2	
Proteins	P27986	UniProt:P27986 PIK3R1	
Proteins	Q13480	UniProt:Q13480 GAB1	
Proteins	P62993-1	UniProt:P62993-1 GRB2	
Proteins	Q06124	UniProt:Q06124 PTPN11	
Proteins	P29353-2	UniProt:P29353-2 SHC1	
Proteins	P29353-3	UniProt:P29353-3 SHC1	
Proteins	Q07889	UniProt:Q07889 SOS1	
Proteins	P01116-2	UniProt:P01116-2 KRAS	
Proteins	P01111	UniProt:P01111 NRAS	
Proteins	P01116-1	UniProt:P01116-1 KRAS	
Proteins	P01112	UniProt:P01112 HRAS	
Proteins	O43559	UniProt:O43559 FRS3	
Proteins	P27361	UniProt:P27361 MAPK3	
Proteins	P28482	UniProt:P28482 MAPK1	
Proteins	P22681	UniProt:P22681 CBL	
Proteins	P0CG48	UniProt:P0CG48 UBC	
Proteins	P0CG47	UniProt:P0CG47 UBB	
Proteins	P62987	UniProt:P62987 UBA52	
Proteins	P62979	UniProt:P62979 RPS27A	
Proteins	Q9BUB5	UniProt:Q9BUB5 MKNK1	
Proteins	P67775	UniProt:P67775 PPP2CA	
Proteins	P62714	UniProt:P62714 PPP2CB	
Proteins	P30153	UniProt:P30153 PPP2R1A	
Proteins	O43597	UniProt:O43597 SPRY2	
Proteins	P15056	UniProt:P15056 BRAF	
Proteins	P12931-1	UniProt:P12931-1 SRC	
Proteins	P12034-1	UniProt:P12034-1 FGF5	
Proteins	P22607-1	UniProt:P22607-1 FGFR3	
Proteins	P22607-2	UniProt:P22607-2 FGFR3	
Proteins	Q14435	UniProt:Q14435 GALNT3	
Proteins	P21802-1	UniProt:P21802-1 FGFR2	
Proteins	P21802-5	UniProt:P21802-5 FGFR2	
Proteins	P21802-18	UniProt:P21802-18 FGFR2	
Proteins	Q9HCT0	UniProt:Q9HCT0 FGF22	
Proteins	P11487	UniProt:P11487 FGF3	
Proteins	P21781	UniProt:P21781 FGF7	
Proteins	O15520	UniProt:O15520 FGF10	
Proteins	P21802-3	UniProt:P21802-3 FGFR2	
Proteins	Q8TAT2	UniProt:Q8TAT2 FGFBP3	
Proteins	Q9BYJ0	UniProt:Q9BYJ0 FGFBP2	
Proteins	Q14512	UniProt:Q14512 FGFBP1	
Proteins	P52298	UniProt:P52298 NCBP2	
Proteins	Q09161	UniProt:Q09161 NCBP1	
Proteins	P35269	UniProt:P35269 GTF2F1	
Proteins	P13984	UniProt:P13984 GTF2F2	
Proteins	P30876	UniProt:P30876 POLR2B	
Proteins	P19388	UniProt:P19388 POLR2E	
Proteins	P53803	UniProt:P53803 POLR2K	
Proteins	P19387	UniProt:P19387 POLR2C	
Proteins	P62875	UniProt:P62875 POLR2L	
Proteins	P52434	UniProt:P52434 POLR2H	
Proteins	P61218	UniProt:P61218 POLR2F	
Proteins	O15514	UniProt:O15514 POLR2D	
Proteins	P36954	UniProt:P36954 POLR2I	
Proteins	P52435	UniProt:P52435 POLR2J	
Proteins	P62487	UniProt:P62487 POLR2G	
Proteins	P24928	UniProt:P24928 POLR2A	
Proteins	Q9H6T0	UniProt:Q9H6T0 ESRP2	
Proteins	P52597	UniProt:P52597 HNRNPF	
Proteins	P31943	UniProt:P31943 HNRNPH1	
Proteins	O43251	UniProt:O43251 RBFOX2	
Proteins	Q6NXG1	UniProt:Q6NXG1 ESRP1	
Proteins	Q01085	UniProt:Q01085 TIAL1	
Proteins	P31483	UniProt:P31483 TIA1	
Proteins	P52272	UniProt:P52272 HNRNPM	
Proteins	P26599	UniProt:P26599 PTBP1	
Proteins	P09651	UniProt:P09651 HNRNPA1	
Proteins	P11362-19	UniProt:P11362-19 FGFR1	
Proteins	Q03167	UniProt:Q03167 TGFBR3	
Proteins	O14908	UniProt:O14908 GIPC1	
Proteins	Q9UEF7-2	UniProt:Q9UEF7-2 KL	
Proteins	Q9UEF7-1	UniProt:Q9UEF7-1 KL	
Proteins	P11362-1	UniProt:P11362-1 FGFR1	
Proteins	P23352	UniProt:P23352 ANOS1	
Proteins	Q7Z698	UniProt:Q7Z698 SPRED2	
Proteins	Q7Z699	UniProt:Q7Z699 SPRED1	
Proteins	Q8N441	UniProt:Q8N441 FGFRL1	
Proteins	Q9NZU0	UniProt:Q9NZU0 FLRT3	
Proteins	O43155	UniProt:O43155 FLRT2	
Proteins	Q9NZU1	UniProt:Q9NZU1 FLRT1	
Proteins	P01138	UniProt:P01138 NGF	
Proteins	P04629	UniProt:P04629 NTRK1	
Proteins	Q13164	UniProt:Q13164 MAPK7	
Proteins	Q13163	UniProt:Q13163 MAP2K5	
Proteins	P40763	UniProt:P40763 STAT3	
Proteins	P35568	UniProt:P35568 IRS1	
Proteins	Q9Y4H2	UniProt:Q9Y4H2 IRS2	
Proteins	P61586	UniProt:P61586 RHOA	
Proteins	O00459	UniProt:O00459 PIK3R2	
Proteins	P42338	UniProt:P42338 PIK3CB	
Proteins	Q14738	UniProt:Q14738 PPP2R5D	
Proteins	P30154	UniProt:P30154 PPP2R1B	
Proteins	O75582	UniProt:O75582 RPS6KA5	
Proteins	P19419	UniProt:P19419 ELK1	
Proteins	Q15349	UniProt:Q15349 RPS6KA2	
Proteins	Q15418	UniProt:Q15418 RPS6KA1	
Proteins	P51812	UniProt:P51812 RPS6KA3	
Proteins	Q06413	UniProt:Q06413 MEF2C	
Proteins	Q02078	UniProt:Q02078 MEF2A	
Proteins	Q13115	UniProt:Q13115 DUSP4	
Proteins	P51452	UniProt:P51452 DUSP3	
Proteins	Q16828	UniProt:Q16828 DUSP6	
Proteins	Q16829	UniProt:Q16829 DUSP7	
Proteins	Q8IV63	UniProt:Q8IV63 VRK3	
Proteins	Q16539	UniProt:Q16539 MAPK14	
Proteins	Q15759	UniProt:Q15759 MAPK11	
Proteins	P16220-1	UniProt:P16220-1 CREB1	
Proteins	P18846	UniProt:P18846 ATF1	
Proteins	P49137	UniProt:P49137 MAPKAPK2	
Proteins	Q99081	UniProt:Q99081 TCF12	
Proteins	P50553	UniProt:P50553 ASCL1	
Proteins	P15336	UniProt:P15336 ATF2	
Proteins	Q09472	UniProt:Q09472 EP300	
Proteins	P11831	UniProt:P11831 SRF	
Proteins	Q15742	UniProt:Q15742 NAB2	
Proteins	P18146	UniProt:P18146 EGR1	
Proteins	Q15078	UniProt:Q15078 CDK5R1	
Proteins	Q05215	UniProt:Q05215 EGR4	
Proteins	P11161	UniProt:P11161 EGR2	
Proteins	Q14839	UniProt:Q14839 CHD4	
Proteins	Q13506	UniProt:Q13506 NAB1	
Proteins	Q14814	UniProt:Q14814 MEF2D	
Proteins	P55042	UniProt:P55042 RRAD	
Proteins	Q13127	UniProt:Q13127 REST	
Proteins	Q99963	UniProt:Q99963 SH3GL3	
Proteins	P50570	UniProt:P50570 DNM2	
Proteins	Q7LC44	UniProt:Q7LC44 ARC	
Proteins	P17752	UniProt:P17752 TPH1	
Proteins	P47928	UniProt:P47928 ID4	
Proteins	Q02363	UniProt:Q02363 ID2	
Proteins	Q00535	UniProt:Q00535 CDK5	
Proteins	Q13319	UniProt:Q13319 CDK5R2	
Proteins	O15240	UniProt:O15240 VGF	
Proteins	P13726	UniProt:P13726 F3	
Proteins	Q06889	UniProt:Q06889 EGR3	
Proteins	P15407	UniProt:P15407 FOSL1	
Proteins	P17275	UniProt:P17275 JUNB	
Proteins	P53539	UniProt:P53539 FOSB	
Proteins	P17535	UniProt:P17535 JUND	
Proteins	P01100	UniProt:P01100 FOS	
Proteins	P12980	UniProt:P12980 LYL1	
Proteins	Q96RU8	UniProt:Q96RU8 TRIB1	
Proteins	O00141	UniProt:O00141 SGK1	
Proteins	Q02535	UniProt:Q02535 ID3	
Proteins	P41134	UniProt:P41134 ID1	
Proteins	P98077	UniProt:P98077 SHC2	
Proteins	P29353	UniProt:P29353 SHC1	
Proteins	Q92529	UniProt:Q92529 SHC3	
Proteins	Q12967	UniProt:Q12967 RALGDS	
Proteins	P11233	UniProt:P11233 RALA	
Proteins	P11234	UniProt:P11234 RALB	
Proteins	P53778	UniProt:P53778 MAPK12	
Proteins	O15264	UniProt:O15264 MAPK13	
Proteins	Q16644	UniProt:Q16644 MAPKAPK3	
Proteins	P31946	UniProt:P31946 YWHAB	
Proteins	P62834	UniProt:P62834 RAP1A	
Proteins	Q02750	UniProt:Q02750 MAP2K1	
Proteins	P36507	UniProt:P36507 MAP2K2	
Proteins	P46109	UniProt:P46109 CRKL	
Proteins	P04629-1	UniProt:P04629-1 NTRK1	
Proteins	Q13905	UniProt:Q13905 RAPGEF1	
Proteins	P46108	UniProt:P46108 CRK	
Proteins	Q9ULH0	UniProt:Q9ULH0 KIDINS220	
Proteins	Q99578	UniProt:Q99578 RIT2	
Proteins	Q92963	UniProt:Q92963 RIT1	
Proteins	P41586	UniProt:P41586 ADCYAP1R1	
Proteins	Q16620	UniProt:Q16620 NTRK2	
Proteins	P18509	UniProt:P18509 ADCYAP1	
Proteins	P29274	UniProt:P29274 ADORA2A	
Proteins	Q00610	UniProt:Q00610 CLTC	
Proteins	P09496	UniProt:P09496 CLTA	
Proteins	O95782	UniProt:O95782 AP2A1	
Proteins	O94973	UniProt:O94973 AP2A2	
Proteins	Q96CW1	UniProt:Q96CW1 AP2M1	
Proteins	P53680	UniProt:P53680 AP2S1	
Proteins	P63010	UniProt:P63010 AP2B1	
Proteins	O96015	UniProt:O96015 DNAL4	
Proteins	Q99962	UniProt:Q99962 SH3GL2	
Proteins	Q05193	UniProt:Q05193 DNM1	
Proteins	Q9UQ16	UniProt:Q9UQ16 DNM3	
Proteins	P09958	UniProt:P09958 FURIN	
Proteins	P29122	UniProt:P29122 PCSK6	
Proteins	Q92824	UniProt:Q92824 PCSK5	
Proteins	P23560	UniProt:P23560 BDNF	
Proteins	P34130	UniProt:P34130 NTF4	
Proteins	Q13009	UniProt:Q13009 TIAM1	
Proteins	P63000	UniProt:P63000 RAC1	
Proteins	P06241-1	UniProt:P06241-1 FYN	
Proteins	Q13224	UniProt:Q13224 GRIN2B	
Proteins	P12931	UniProt:P12931 SRC	
Proteins	Q8IZD9	UniProt:Q8IZD9 DOCK3	
Proteins	P20783	UniProt:P20783 NTF3	
Proteins	Q16288	UniProt:Q16288 NTRK3	
Proteins	Q8WX92	UniProt:Q8WX92 NELFB	
Proteins	Q07812	UniProt:Q07812 BAX	
Proteins	Q13332	UniProt:Q13332 PTPRS	
Proteins	Q16827	UniProt:Q16827 PTPRO	
Proteins	Q15303-2	UniProt:Q15303-2 ERBB4	
Proteins	O14511	UniProt:O14511 NRG2	
Proteins	P56975	UniProt:P56975 NRG3	
Proteins	Q8WWG1	UniProt:Q8WWG1 NRG4	
Proteins	Q02297	UniProt:Q02297 NRG1	
Proteins	Q99075	UniProt:Q99075 HBEGF	
Proteins	O14944	UniProt:O14944 EREG	
Proteins	P35070	UniProt:P35070 BTC	
Proteins	Q15303-1	UniProt:Q15303-1 ERBB4	
Proteins	Q15303-3	UniProt:Q15303-3 ERBB4	
Proteins	P14867	UniProt:P14867 GABRA1	
Proteins	Q99928	UniProt:Q99928 GABRG3	
Proteins	P18507	UniProt:P18507 GABRG2	
Proteins	P28472	UniProt:P28472 GABRB3	
Proteins	P18505	UniProt:P18505 GABRB1	
Proteins	P47870	UniProt:P47870 GABRB2	
Proteins	Q9UN88	UniProt:Q9UN88 GABRQ	
Proteins	Q96J02	UniProt:Q96J02 ITCH	
Proteins	Q9H0M0	UniProt:Q9H0M0 WWP1	
Proteins	P46934	UniProt:P46934 NEDD4	
Proteins	P01133	UniProt:P01133 EGF	
Proteins	P00533	UniProt:P00533 EGFR	
Proteins	P21860-1	UniProt:P21860-1 ERBB3	
Proteins	Q02297-10	UniProt:Q02297-10 NRG1	
Proteins	P78352	UniProt:P78352 DLG4	
Proteins	P46937	UniProt:P46937 YAP1	
Proteins	P42229	UniProt:P42229 STAT5A	
Proteins	O75689	UniProt:O75689 ADAP1	
Proteins	Q14582	UniProt:Q14582 MXD4	
Proteins	P03372	UniProt:P03372 ESR1	
Proteins	P06401	UniProt:P06401 PGR	
Proteins	P09486	UniProt:P09486 SPARC	
Proteins	P48061	UniProt:P48061 CXCL12	
Proteins	Q9NYJ8	UniProt:Q9NYJ8 TAB2	
Proteins	O75376	UniProt:O75376 NCOR1	
Proteins	P14136	UniProt:P14136 GFAP	
Proteins	P16949	UniProt:P16949 STMN1	
Proteins	Q9NZ42	UniProt:Q9NZ42 PSENEN	
Proteins	Q92542	UniProt:Q92542 NCSTN	
Proteins	P49810	UniProt:P49810 PSEN2	
Proteins	P49768	UniProt:P49768 PSEN1	
Proteins	Q96BI3	UniProt:Q96BI3 APH1A	
Proteins	Q8WW43	UniProt:Q8WW43 APH1B	
Proteins	Q9NZC7	UniProt:Q9NZC7 WWOX	
Proteins	P04271	UniProt:P04271 S100B	
Proteins	P78536	UniProt:P78536 ADAM17	
Proteins	P02649	UniProt:P02649 APOE	
Proteins	P05814	UniProt:P05814 CSN2	
Proteins	O43915	UniProt:O43915 VEGFD	
Proteins	P49765	UniProt:P49765 VEGFB	
Proteins	P15692	UniProt:P15692 VEGFA	
Proteins	P49767	UniProt:P49767 VEGFC	
Proteins	P49763	UniProt:P49763 PGF	
Proteins	P35968	UniProt:P35968 KDR	
Proteins	P17948	UniProt:P17948 FLT1	
Proteins	P35916	UniProt:P35916 FLT4	
Proteins	Q13685	UniProt:Q13685 AAMP	
Proteins	P15692-4	UniProt:P15692-4 VEGFA	
Proteins	Q9NP31	UniProt:Q9NP31 SH2D2A	
Proteins	P06756	UniProt:P06756 ITGAV	
Proteins	P05106	UniProt:P05106 ITGB3	
Proteins	Q14289	UniProt:Q14289 PTK2B	
Proteins	P07900	UniProt:P07900 HSP90AA1	
Proteins	Q05397	UniProt:Q05397 PTK2	
Proteins	Q15464	UniProt:Q15464 SHB	
Proteins	P17612	UniProt:P17612 PRKACA	
Proteins	P22694	UniProt:P22694 PRKACB	
Proteins	P22612	UniProt:P22612 PRKACG	
Proteins	P16333	UniProt:P16333 NCK1	
Proteins	O43639	UniProt:O43639 NCK2	
Proteins	P06241	UniProt:P06241 FYN	
Proteins	P56945	UniProt:P56945 BCAR1	
Proteins	Q13177	UniProt:Q13177 PAK2	
Proteins	P60953	UniProt:P60953 CDC42	
Proteins	P49023	UniProt:P49023 PXN	
Proteins	Q92556	UniProt:Q92556 ELMO1	
Proteins	Q96JJ3	UniProt:Q96JJ3 ELMO2	
Proteins	Q14185	UniProt:Q14185 DOCK1	
Proteins	P13498	UniProt:P13498 CYBA	
Proteins	P04839	UniProt:P04839 CYBB	
Proteins	Q15080	UniProt:Q15080 NCF4	
Proteins	P14598	UniProt:P14598 NCF1	
Proteins	P19878	UniProt:P19878 NCF2	
Proteins	P30530	UniProt:P30530 AXL	
Proteins	P52735	UniProt:P52735 VAV2	
Proteins	P15498	UniProt:P15498 VAV1	
Proteins	Q9UKW4	UniProt:Q9UKW4 VAV3	
Proteins	Q13464	UniProt:Q13464 ROCK1	
Proteins	O75116	UniProt:O75116 ROCK2	
Proteins	P63261	UniProt:P63261 ACTG1	
Proteins	P60709	UniProt:P60709 ACTB	
Proteins	P04792	UniProt:P04792 HSPB1	
Proteins	P31751	UniProt:P31751 AKT2	
Proteins	Q9Y243	UniProt:Q9Y243 AKT3	
Proteins	P31749	UniProt:P31749 AKT1	
Proteins	O15530	UniProt:O15530 PDPK1	
Proteins	P29474	UniProt:P29474 NOS3	
Proteins	Q03135	UniProt:Q03135 CAV1	
Proteins	P0DP23	UniProt:P0DP23 CALM1	
Proteins	O75914	UniProt:O75914 PAK3	
Proteins	Q13153	UniProt:Q13153 PAK1	
Proteins	Q9BPZ7	UniProt:Q9BPZ7 MAPKAP1	
Proteins	Q6R327	UniProt:Q6R327 RICTOR	
Proteins	P42345	UniProt:P42345 MTOR	
Proteins	P85299	UniProt:P85299 PRR5	
Proteins	Q9BVC4	UniProt:Q9BVC4 MLST8	
Proteins	Q96RU7	UniProt:Q96RU7 TRIB3	
Proteins	Q5T1C6	UniProt:Q5T1C6 THEM4	
Proteins	O60716	UniProt:O60716 CTNND1	
Proteins	P35221	UniProt:P35221 CTNNA1	
Proteins	P33151	UniProt:P33151 CDH5	
Proteins	P35222	UniProt:P35222 CTNNB1	
Proteins	P14923	UniProt:P14923 JUP	
Proteins	P0DTC5	UniProt:P0DTC5 M	
Proteins	P0DTC9	UniProt:P0DTC9 N	
Proteins	Q14643	UniProt:Q14643 ITPR1	
Proteins	Q14573	UniProt:Q14573 ITPR3	
Proteins	Q14571	UniProt:Q14571 ITPR2	
Proteins	O43865	UniProt:O43865 AHCYL1	
Proteins	Q05655	UniProt:Q05655 PRKCD	
Proteins	P17252	UniProt:P17252 PRKCA	
Proteins	Q05513	UniProt:Q05513 PRKCZ	
Proteins	P05771	UniProt:P05771 PRKCB	
Proteins	Q9NYA1	UniProt:Q9NYA1 SPHK1	
Proteins	P20936	UniProt:P20936 RASA1	
Proteins	Q9UQB8	UniProt:Q9UQB8 BAIAP2	
Proteins	Q9Y2A7	UniProt:Q9Y2A7 NCKAP1	
Proteins	Q8WUW1	UniProt:Q8WUW1 BRK1	
Proteins	Q92558	UniProt:Q92558 WASF1	
Proteins	Q9UPY6	UniProt:Q9UPY6 WASF3	
Proteins	Q9Y6W5	UniProt:Q9Y6W5 WASF2	
Proteins	Q96F07	UniProt:Q96F07 CYFIP2	
Proteins	Q7L576	UniProt:Q7L576 CYFIP1	
Proteins	Q9NYB9	UniProt:Q9NYB9 ABI2	
Proteins	Q8IZP0	UniProt:Q8IZP0 ABI1	
Proteins	P55160	UniProt:P55160 NCKAP1L	
Proteins	O14786	UniProt:O14786 NRP1	
Proteins	O60462	UniProt:O60462 NRP2	
Proteins	P21741	UniProt:P21741 MDK	
Proteins	Q9UM73	UniProt:Q9UM73 ALK	
Proteins	P21246	UniProt:P21246 PTN	
Proteins	Q6UXT8	UniProt:Q6UXT8 ALKAL1	
Proteins	Q6UX46	UniProt:Q6UX46 ALKAL2	
Proteins	P52333	UniProt:P52333 JAK3	
Proteins	P04198	UniProt:P04198 MYCN	
Proteins	P01106	UniProt:P01106 MYC	
Proteins	P31785	UniProt:P31785 IL2RG	
Proteins	Q96ST3	UniProt:Q96ST3 SIN3A	
Proteins	P26358	UniProt:P26358 DNMT1	
Proteins	Q16665	UniProt:Q16665 HIF1A	
Proteins	O75626	UniProt:O75626 PRDM1	
Proteins	O15379	UniProt:O15379 HDAC3	
Proteins	Q92769	UniProt:Q92769 HDAC2	
Proteins	Q13547	UniProt:Q13547 HDAC1	
Proteins	Q9NZQ7	UniProt:Q9NZQ7 CD274	
Proteins	P23471	UniProt:P23471 PTPRZ1	
Proteins	P29350	UniProt:P29350 PTPN6	
Proteins	P62330	UniProt:P62330 ARF6	
Proteins	P14210	UniProt:P14210 HGF	
Proteins	P08581	UniProt:P08581 MET	
Proteins	Q9NZ52	UniProt:Q9NZ52 GGA3	
Proteins	P61018	UniProt:P61018 RAB4B	
Proteins	P20338	UniProt:P20338 RAB4A	
Proteins	Q96JA1	UniProt:Q96JA1 LRIG1	
Proteins	P18031	UniProt:P18031 PTPN1	
Proteins	P17706	UniProt:P17706 PTPN2	
Proteins	P40818	UniProt:P40818 USP8	
Proteins	O75886	UniProt:O75886 STAM2	
Proteins	Q92783	UniProt:Q92783 STAM	
Proteins	O14964	UniProt:O14964 HGS	
Proteins	P42566	UniProt:P42566 EPS15	
Proteins	Q96B97	UniProt:Q96B97 SH3KBP1	
Proteins	Q99961	UniProt:Q99961 SH3GL1	
Proteins	Q12913	UniProt:Q12913 PTPRJ	
Proteins	Q6VN20	UniProt:Q6VN20 RANBP10	
Proteins	Q8N307	UniProt:Q8N307 MUC20	
Proteins	Q96S59	UniProt:Q96S59 RANBP9	
Proteins	Q04756	UniProt:Q04756 HGFAC	
Proteins	O43278	UniProt:O43278 SPINT1	
Proteins	P05981	UniProt:P05981 HPN	
Proteins	O43291	UniProt:O43291 SPINT2	
Proteins	Q96N67	UniProt:Q96N67 DOCK7	
Proteins	P61224	UniProt:P61224 RAP1B	
Proteins	P08123	UniProt:P08123 COL1A2	
Proteins	P02452	UniProt:P02452 COL1A1	
Proteins	P02461	UniProt:P02461 COL3A1	
Proteins	Q17RW2	UniProt:Q17RW2 COL24A1	
Proteins	P02458	UniProt:P02458 COL2A1	
Proteins	Q8IZC6	UniProt:Q8IZC6 COL27A1	
Proteins	P12107	UniProt:P12107 COL11A1	
Proteins	P13942	UniProt:P13942 COL11A2	
Proteins	P25940	UniProt:P25940 COL5A3	
Proteins	P05997	UniProt:P05997 COL5A2	
Proteins	P20908	UniProt:P20908 COL5A1	
Proteins	P02751	UniProt:P02751 FN1	
Proteins	P24043	UniProt:P24043 LAMA2	
Proteins	P07942	UniProt:P07942 LAMB1	
Proteins	P11047	UniProt:P11047 LAMC1	
Proteins	O15230	UniProt:O15230 LAMA5	
Proteins	Q16787	UniProt:Q16787 LAMA3	
Proteins	Q13753	UniProt:Q13753 LAMC2	
Proteins	Q13751	UniProt:Q13751 LAMB3	
Proteins	P55268	UniProt:P55268 LAMB2	
Proteins	Q9Y6N6	UniProt:Q9Y6N6 LAMC3	
Proteins	P25391	UniProt:P25391 LAMA1	
Proteins	Q16363	UniProt:Q16363 LAMA4	
Proteins	P17301	UniProt:P17301 ITGA2	
Proteins	P05556	UniProt:P05556 ITGB1	
Proteins	P26006	UniProt:P26006 ITGA3	
Proteins	Q68CZ2	UniProt:Q68CZ2 TNS3	
Proteins	Q8IZW8	UniProt:Q8IZW8 TNS4	
Proteins	P26927	UniProt:P26927 MST1	
Proteins	Q04912	UniProt:Q04912 MST1R	
Proteins	P29376	UniProt:P29376 LTK	
Proteins	P29353-1	UniProt:P29353-1 SHC1	
Proteins	P62993	UniProt:P62993 GRB2	
Proteins	Q07912	UniProt:Q07912 TNK2	
Proteins	P16234	UniProt:P16234 PDGFRA	
Proteins	P04085-2	UniProt:P04085-2 PDGFA	
Proteins	P01127	UniProt:P01127 PDGFB	
Proteins	P04085-1	UniProt:P04085-1 PDGFA	
Proteins	P09619	UniProt:P09619 PDGFRB	
Proteins	Q9GZP0	UniProt:Q9GZP0 PDGFD	
Proteins	Q9NRA1-1	UniProt:Q9NRA1-1 PDGFC	
Proteins	P42226	UniProt:P42226 STAT6	
Proteins	P51692	UniProt:P51692 STAT5B	
Proteins	P42224	UniProt:P42224 STAT1	
Proteins	Q14451	UniProt:Q14451 GRB7	
Proteins	P00750	UniProt:P00750 PLAT	
Proteins	P00747	UniProt:P00747 PLG	
Proteins	Q05209	UniProt:Q05209 PTPN12	
Proteins	Q14050	UniProt:Q14050 COL9A3	
Proteins	Q14055	UniProt:Q14055 COL9A2	
Proteins	P20849	UniProt:P20849 COL9A1	
Proteins	A8TX70	UniProt:A8TX70 COL6A5	
Proteins	A6NMZ7	UniProt:A6NMZ7 COL6A6	
Proteins	P12111	UniProt:P12111 COL6A3	
Proteins	P12109	UniProt:P12109 COL6A1	
Proteins	P12110	UniProt:P12110 COL6A2	
Proteins	Q01955	UniProt:Q01955 COL4A3	
Proteins	P29400	UniProt:P29400 COL4A5	
Proteins	P53420	UniProt:P53420 COL4A4	
Proteins	P02462	UniProt:P02462 COL4A1	
Proteins	P08572	UniProt:P08572 COL4A2	
Proteins	P10451	UniProt:P10451 SPP1	
Proteins	P07996	UniProt:P07996 THBS1	
Proteins	P35442	UniProt:P35442 THBS2	
Proteins	P49746	UniProt:P49746 THBS3	
Proteins	P35443	UniProt:P35443 THBS4	
Proteins	P01135	UniProt:P01135 TGFA	
Proteins	Q6UW88	UniProt:Q6UW88 EPGN	
Proteins	P15514	UniProt:P15514 AREG	
Proteins	Q9H4H8	UniProt:Q9H4H8 FAM83D	
Proteins	Q86UY5	UniProt:Q86UY5 FAM83A	
Proteins	Q5T0W9	UniProt:Q5T0W9 FAM83B	
Proteins	Q15262	UniProt:Q15262 PTPRK	
Proteins	Q14155	UniProt:Q14155 ARHGEF7	
Proteins	O43609	UniProt:O43609 SPRY1	
Proteins	Q9Y6I3	UniProt:Q9Y6I3 EPN1	
Proteins	Q9UBC2	UniProt:Q9UBC2 EPS15L1	
Proteins	P26045	UniProt:P26045 PTPN3	
Proteins	O43184	UniProt:O43184 ADAM12	
Proteins	O14672	UniProt:O14672 ADAM10	
Proteins	Q9NWQ8	UniProt:Q9NWQ8 PAG1	
Proteins	P41240	UniProt:P41240 CSK	
Proteins	P08069	UniProt:P08069 IGF1R	
Proteins	P05019	UniProt:P05019 IGF1	
Proteins	P01344	UniProt:P01344 IGF2	
Proteins	O75339	UniProt:O75339 CILP	
Proteins	O14654	UniProt:O14654 IRS4	
Proteins	Q99570	UniProt:Q99570 PIK3R4	
Proteins	Q8NEB9	UniProt:Q8NEB9 PIK3C3	
Proteins	Q9NR96	UniProt:Q9NR96 TLR9	
Proteins	P36888	UniProt:P36888 FLT3	
Proteins	P49771	UniProt:P49771 FLT3LG	
Proteins	Q9UQC2	UniProt:Q9UQC2 GAB2	
Proteins	Q13370	UniProt:Q13370 PDE3B	
Proteins	P01308	UniProt:P01308 INS	
Proteins	P06213	UniProt:P06213 INSR	
Proteins	Q13322	UniProt:Q13322 GRB10	
Proteins	Q15904	UniProt:Q15904 ATP6AP1	
Proteins	Q99437	UniProt:Q99437 ATP6V0B	
Proteins	P27449	UniProt:P27449 ATP6V0C	
Proteins	Q8NHE4	UniProt:Q8NHE4 ATP6V0E2	
Proteins	O15342	UniProt:O15342 ATP6V0E1	
Proteins	Q8N8Y2	UniProt:Q8N8Y2 ATP6V0D2	
Proteins	P61421	UniProt:P61421 ATP6V0D1	
Proteins	Q9HBG4	UniProt:Q9HBG4 ATP6V0A4	
Proteins	Q13488	UniProt:Q13488 TCIRG1	
Proteins	Q93050	UniProt:Q93050 ATP6V0A1	
Proteins	Q9Y487	UniProt:Q9Y487 ATP6V0A2	
Proteins	Q16864	UniProt:Q16864 ATP6V1F	
Proteins	Q9Y5K8	UniProt:Q9Y5K8 ATP6V1D	
Proteins	Q9UI12	UniProt:Q9UI12 ATP6V1H	
Proteins	Q8NEY4	UniProt:Q8NEY4 ATP6V1C2	
Proteins	P21283	UniProt:P21283 ATP6V1C1	
Proteins	P36543	UniProt:P36543 ATP6V1E1	
Proteins	Q96A05	UniProt:Q96A05 ATP6V1E2	
Proteins	Q96LB4	UniProt:Q96LB4 ATP6V1G3	
Proteins	O95670	UniProt:O95670 ATP6V1G2	
Proteins	O75348	UniProt:O75348 ATP6V1G1	
Proteins	P15313	UniProt:P15313 ATP6V1B1	
Proteins	P21281	UniProt:P21281 ATP6V1B2	
Proteins	P38606	UniProt:P38606 ATP6V1A	
Proteins	P07339	UniProt:P07339 CTSD	
Proteins	P14735	UniProt:P14735 IDE	
Proteins	P10586	UniProt:P10586 PTPRF	
Proteins	P07947	UniProt:P07947 YES1	
Proteins	P04626	UniProt:P04626 ERBB2	
Proteins	Q13882	UniProt:Q13882 PTK6	
Proteins	Q9Y316	UniProt:Q9Y316 MEMO1	
Proteins	O60610	UniProt:O60610 DIAPH1	
Proteins	Q16543	UniProt:Q16543 CDC37	
Proteins	Q96RT1	UniProt:Q96RT1 ERBIN	
Proteins	Q9UNE7	UniProt:Q9UNE7 STUB1	
Proteins	Q93034	UniProt:Q93034 CUL5	
Proteins	P42679	UniProt:P42679 MATK	
Proteins	Q9H4P4	UniProt:Q9H4P4 RNF41	
Proteins	Q99952	UniProt:Q99952 PTPN18	
Proteins	Q02156	UniProt:Q02156 PRKCE	
Proteins	P06239	UniProt:P06239 LCK	
Proteins	P07948	UniProt:P07948 LYN	
Proteins	P10721	UniProt:P10721 KIT	
Proteins	P21583-1	UniProt:P21583-1 KITLG	
Proteins	Q92569	UniProt:Q92569 PIK3R3	
Proteins	O60674	UniProt:O60674 JAK2	
Proteins	P42224-1	UniProt:P42224-1 STAT1	
Proteins	Q92729	UniProt:Q92729 PTPRU	
Proteins	P16591	UniProt:P16591 FER	
Proteins	P42680	UniProt:P42680 TEC	
Proteins	O14757	UniProt:O14757 CHEK1	
Proteins	P07332	UniProt:P07332 FES	
Proteins	P14780	UniProt:P14780 MMP9	
Proteins	P23946	UniProt:P23946 CMA1	
Proteins	O75791	UniProt:O75791 GRAP2	
Proteins	Q13588	UniProt:Q13588 GRAP	
Proteins	O14492	UniProt:O14492 SH2B2	
Proteins	O15524	UniProt:O15524 SOCS1	
Proteins	Q9UQQ2	UniProt:Q9UQQ2 SH2B3	
Proteins	O14544	UniProt:O14544 SOCS6	
